{
    "Actor": {
        "types": [
            "character",
            "obstacle",
            "challenge",
            "monster",
            "boss"
        ],
        "templates": {
            "PJ": {
                "abilities": {
                    "str": {
                        "values": [],
                        "action": {
                            "add": "",
                            "roll": ""
                        }
                    },
                    "dex": {
                        "values": [],
                        "action": {
                            "add": "",
                            "roll": ""
                        }
                    },
                    "int": {
                        "values": [],
                        "action": {
                            "add": "",
                            "roll": ""
                        }
                    },
                    "wis": {
                        "values": [],
                        "action": {
                            "add": "",
                            "roll": ""
                        }
                    },
                    "bonus": {
                        "values": [],
                        "action": {
                            "roll": "",
                            "use": ""
                        }
                    }
                },
                "traits": [
                    {
                        "name": "",
                        "value": 1
                    }
                ],
                "treasure": [
                    {
                        "name": "",
                        "value": 1
                    }
                ],
                "attributes": {
                    "level": {
                        "value": 1,
                        "min": 1
                    },
                    "xp": {
                        "value": 1,
                        "min": 1
                    }
                },
                "details": {
                    "biography": {
                        "value": "",
                        "public": ""
                    }
                }
            },
            "opponent": {
                "dice": {
                    "values": [],
                    "action": {
                        "roll": ""
                    }
                },
                "resistance": [],
                "weakness": []
            }
        },
        "character": {
            "templates": [
                "PJ"
            ]
        },
        "obstacle": {
            "templates": [
                "opponent"
            ]
        },
        "challenge": {
            "templates": [
                "opponent"
            ]
        },
        "monster": {
            "templates": [
                "opponent"
            ]
        },
        "boss": {
            "templates": [
                "opponent"
            ]
        }
    },
    "Item": {
        "types": [
            "weapon"
        ],
        "templates": {
            "rarity": {
                "rarity": "Common",
                "price": 20
            }
        },
        "weapon": {
            "templates": [
                "rarity"
            ],
            "damage": 5
        }
    }
}